"REF_DATE","GEO","DGUID","Economic family type","Income source","Statistics","UOM","UOM_ID","SCALAR_FACTOR","SCALAR_ID","VECTOR","COORDINATE","VALUE","STATUS","SYMBOL","TERMINATED","DECIMALS"
"2023","Canada","2021A000011124","Economic families and persons not in an economic family","Total income","Median income excluding zeros","2023 constant dollars","449","units","0","v96416851","1.1.1.4","84600","A","","","0"
"2023","Canada","2021A000011124","Economic families and persons not in an economic family","Market income","Median income excluding zeros","2023 constant dollars","449","units","0","v96416855","1.1.2.4","75000","A","","","0"
"2023","Canada","2021A000011124","Economic families and persons not in an economic family","Employment income","Median income excluding zeros","2023 constant dollars","449","units","0","v96416859","1.1.3.4","76100","A","","","0"
"2023","Canada","2021A000011124","Economic families and persons not in an economic family","Wages, salaries and commissions","Median income excluding zeros","2023 constant dollars","449","units","0","v96416863","1.1.4.4","76300","A","","","0"
"2023","Canada","2021A000011124","Economic families and persons not in an economic family","Self-employment income","Median income excluding zeros","2023 constant dollars","449","units","0","v96416867","1.1.5.4","7600","B","","","0"
"2023","Canada","2021A000011124","Economic families and persons not in an economic family","Investment income","Median income excluding zeros","2023 constant dollars","449","units","0","v96416871","1.1.6.4","900","B","","","0"
"2023","Canada","2021A000011124","Economic families and persons not in an economic family","Retirement income","Median income excluding zeros","2023 constant dollars","449","units","0","v96416875","1.1.7.4","26700","A","","","0"
"2023","Canada","2021A000011124","Economic families and persons not in an economic family","Other income","Median income excluding zeros","2023 constant dollars","449","units","0","v96416879","1.1.8.4","2800","B","","","0"
"2023","Canada","2021A000011124","Economic families and persons not in an economic family","Government transfers","Median income excluding zeros","2023 constant dollars","449","units","0","v96416883","1.1.9.4","11600","A","","","0"
"2023","Canada","2021A000011124","Economic families and persons not in an economic family","Old Age Security (OAS) and Guaranteed Income Supplement (GIS)","Median income excluding zeros","2023 constant dollars","449","units","0","v96416887","1.1.10.4","14000","A","","","0"
"2023","Canada","2021A000011124","Economic families and persons not in an economic family","Canada Pension Plan (CPP) and Quebec Pension Plan (QPP) benefits","Median income excluding zeros","2023 constant dollars","449","units","0","v96416891","1.1.11.4","11700","A","","","0"
"2023","Canada","2021A000011124","Economic families and persons not in an economic family","Child benefits","Median income excluding zeros","2023 constant dollars","449","units","0","v96416895","1.1.12.4","6100","A","","","0"
"2023","Canada","2021A000011124","Economic families and persons not in an economic family","Employment Insurance (EI) benefits","Median income excluding zeros","2023 constant dollars","449","units","0","v96416899","1.1.13.4","6900","A","","","0"
"2023","Canada","2021A000011124","Economic families and persons not in an economic family","Social assistance","Median income excluding zeros","2023 constant dollars","449","units","0","v96416903","1.1.14.4","11500","A","","","0"
"2023","Canada","2021A000011124","Economic families and persons not in an economic family","COVID-19 benefits","Median income excluding zeros","2023 constant dollars","449","units","0","v1327512138","1.1.16.4","","F","","","0"
"2023","Canada","2021A000011124","Economic families and persons not in an economic family","Other government transfers","Median income excluding zeros","2023 constant dollars","449","units","0","v96416907","1.1.15.4","1600","A","","","0"
"2023","Canada","2021A000011124","Economic families","Total income","Median income excluding zeros","2023 constant dollars","449","units","0","v96416911","1.2.1.4","121000","A","","","0"
"2023","Canada","2021A000011124","Economic families","Market income","Median income excluding zeros","2023 constant dollars","449","units","0","v96416915","1.2.2.4","105700","A","","","0"
"2023","Canada","2021A000011124","Economic families","Employment income","Median income excluding zeros","2023 constant dollars","449","units","0","v96416919","1.2.3.4","101900","A","","","0"
"2023","Canada","2021A000011124","Economic families","Wages, salaries and commissions","Median income excluding zeros","2023 constant dollars","449","units","0","v96416923","1.2.4.4","100700","A","","","0"
"2023","Canada","2021A000011124","Economic families","Self-employment income","Median income excluding zeros","2023 constant dollars","449","units","0","v96416927","1.2.5.4","8200","B","","","0"
"2023","Canada","2021A000011124","Economic families","Investment income","Median income excluding zeros","2023 constant dollars","449","units","0","v96416931","1.2.6.4","1000","B","","","0"
"2023","Canada","2021A000011124","Economic families","Retirement income","Median income excluding zeros","2023 constant dollars","449","units","0","v96416935","1.2.7.4","30900","A","","","0"
"2023","Canada","2021A000011124","Economic families","Other income","Median income excluding zeros","2023 constant dollars","449","units","0","v96416939","1.2.8.4","3100","B","","","0"
"2023","Canada","2021A000011124","Economic families","Government transfers","Median income excluding zeros","2023 constant dollars","449","units","0","v96416943","1.2.9.4","14800","A","","","0"
"2023","Canada","2021A000011124","Economic families","Old Age Security (OAS) and Guaranteed Income Supplement (GIS)","Median income excluding zeros","2023 constant dollars","449","units","0","v96416947","1.2.10.4","16700","A","","","0"
"2023","Canada","2021A000011124","Economic families","Canada Pension Plan (CPP) and Quebec Pension Plan (QPP) benefits","Median income excluding zeros","2023 constant dollars","449","units","0","v96416951","1.2.11.4","14100","A","","","0"
"2023","Canada","2021A000011124","Economic families","Child benefits","Median income excluding zeros","2023 constant dollars","449","units","0","v96416955","1.2.12.4","6100","A","","","0"
"2023","Canada","2021A000011124","Economic families","Employment Insurance (EI) benefits","Median income excluding zeros","2023 constant dollars","449","units","0","v96416959","1.2.13.4","7300","A","","","0"
"2023","Canada","2021A000011124","Economic families","Social assistance","Median income excluding zeros","2023 constant dollars","449","units","0","v96416963","1.2.14.4","11600","A","","","0"
"2023","Canada","2021A000011124","Economic families","COVID-19 benefits","Median income excluding zeros","2023 constant dollars","449","units","0","v1327512142","1.2.16.4","","F","","","0"
"2023","Canada","2021A000011124","Economic families","Other government transfers","Median income excluding zeros","2023 constant dollars","449","units","0","v96416967","1.2.15.4","1900","A","","","0"
"2023","Canada","2021A000011124","Persons not in an economic family","Total income","Median income excluding zeros","2023 constant dollars","449","units","0","v96417511","1.12.1.4","44300","A","","","0"
"2023","Canada","2021A000011124","Persons not in an economic family","Market income","Median income excluding zeros","2023 constant dollars","449","units","0","v96417515","1.12.2.4","42000","A","","","0"
"2023","Canada","2021A000011124","Persons not in an economic family","Employment income","Median income excluding zeros","2023 constant dollars","449","units","0","v96417519","1.12.3.4","45600","A","","","0"
"2023","Canada","2021A000011124","Persons not in an economic family","Wages, salaries and commissions","Median income excluding zeros","2023 constant dollars","449","units","0","v96417523","1.12.4.4","46700","A","","","0"
"2023","Canada","2021A000011124","Persons not in an economic family","Self-employment income","Median income excluding zeros","2023 constant dollars","449","units","0","v96417527","1.12.5.4","5400","D","","","0"
"2023","Canada","2021A000011124","Persons not in an economic family","Investment income","Median income excluding zeros","2023 constant dollars","449","units","0","v96417531","1.12.6.4","700","C","","","0"
"2023","Canada","2021A000011124","Persons not in an economic family","Retirement income","Median income excluding zeros","2023 constant dollars","449","units","0","v96417535","1.12.7.4","19900","A","","","0"
"2023","Canada","2021A000011124","Persons not in an economic family","Other income","Median income excluding zeros","2023 constant dollars","449","units","0","v96417539","1.12.8.4","2400","C","","","0"
"2023","Canada","2021A000011124","Persons not in an economic family","Government transfers","Median income excluding zeros","2023 constant dollars","449","units","0","v96417543","1.12.9.4","4800","C","","","0"
"2023","Canada","2021A000011124","Persons not in an economic family","Old Age Security (OAS) and Guaranteed Income Supplement (GIS)","Median income excluding zeros","2023 constant dollars","449","units","0","v96417547","1.12.10.4","9200","A","","","0"
"2023","Canada","2021A000011124","Persons not in an economic family","Canada Pension Plan (CPP) and Quebec Pension Plan (QPP) benefits","Median income excluding zeros","2023 constant dollars","449","units","0","v96417551","1.12.11.4","9600","A","","","0"
"2023","Canada","2021A000011124","Persons not in an economic family","Child benefits","Median income excluding zeros","2023 constant dollars","449","units","0","v96417555","1.12.12.4","","F","","","0"
"2023","Canada","2021A000011124","Persons not in an economic family","Employment Insurance (EI) benefits","Median income excluding zeros","2023 constant dollars","449","units","0","v96417559","1.12.13.4","5600","B","","","0"
"2023","Canada","2021A000011124","Persons not in an economic family","Social assistance","Median income excluding zeros","2023 constant dollars","449","units","0","v96417563","1.12.14.4","10600","B","","","0"
"2023","Canada","2021A000011124","Persons not in an economic family","COVID-19 benefits","Median income excluding zeros","2023 constant dollars","449","units","0","v1327512182","1.12.16.4","","F","","","0"
"2023","Canada","2021A000011124","Persons not in an economic family","Other government transfers","Median income excluding zeros","2023 constant dollars","449","units","0","v96417567","1.12.15.4","1300","A","","","0"
"2023","Québec, Quebec","2021S0503421","Economic families and persons not in an economic family","Total income","Median income excluding zeros","2023 constant dollars","449","units","0","v96427771","14.1.1.4","82100","B","","","0"
"2023","Québec, Quebec","2021S0503421","Economic families and persons not in an economic family","Market income","Median income excluding zeros","2023 constant dollars","449","units","0","v96427775","14.1.2.4","68100","B","","","0"
"2023","Québec, Quebec","2021S0503421","Economic families and persons not in an economic family","Employment income","Median income excluding zeros","2023 constant dollars","449","units","0","v96427779","14.1.3.4","72200","B","","","0"
"2023","Québec, Quebec","2021S0503421","Economic families and persons not in an economic family","Wages, salaries and commissions","Median income excluding zeros","2023 constant dollars","449","units","0","v96427783","14.1.4.4","71900","B","","","0"
"2023","Québec, Quebec","2021S0503421","Economic families and persons not in an economic family","Self-employment income","Median income excluding zeros","2023 constant dollars","449","units","0","v96427787","14.1.5.4","7300","E","","","0"
"2023","Québec, Quebec","2021S0503421","Economic families and persons not in an economic family","Investment income","Median income excluding zeros","2023 constant dollars","449","units","0","v96427791","14.1.6.4","300","D","","","0"
"2023","Québec, Quebec","2021S0503421","Economic families and persons not in an economic family","Retirement income","Median income excluding zeros","2023 constant dollars","449","units","0","v96427795","14.1.7.4","28000","C","","","0"
"2023","Québec, Quebec","2021S0503421","Economic families and persons not in an economic family","Other income","Median income excluding zeros","2023 constant dollars","449","units","0","v96427799","14.1.8.4","2300","D","","","0"
"2023","Québec, Quebec","2021S0503421","Economic families and persons not in an economic family","Government transfers","Median income excluding zeros","2023 constant dollars","449","units","0","v96427803","14.1.9.4","14300","C","","","0"
"2023","Québec, Quebec","2021S0503421","Economic families and persons not in an economic family","Old Age Security (OAS) and Guaranteed Income Supplement (GIS)","Median income excluding zeros","2023 constant dollars","449","units","0","v96427807","14.1.10.4","13500","C","","","0"
"2023","Québec, Quebec","2021S0503421","Economic families and persons not in an economic family","Canada Pension Plan (CPP) and Quebec Pension Plan (QPP) benefits","Median income excluding zeros","2023 constant dollars","449","units","0","v96427811","14.1.11.4","10600","A","","","0"
"2023","Québec, Quebec","2021S0503421","Economic families and persons not in an economic family","Child benefits","Median income excluding zeros","2023 constant dollars","449","units","0","v96427815","14.1.12.4","6700","C","","","0"
"2023","Québec, Quebec","2021S0503421","Economic families and persons not in an economic family","Employment Insurance (EI) benefits","Median income excluding zeros","2023 constant dollars","449","units","0","v96427819","14.1.13.4","6100","C","","","0"
"2023","Québec, Quebec","2021S0503421","Economic families and persons not in an economic family","Social assistance","Median income excluding zeros","2023 constant dollars","449","units","0","v96427823","14.1.14.4","11100","E","","","0"
"2023","Québec, Quebec","2021S0503421","Economic families and persons not in an economic family","COVID-19 benefits","Median income excluding zeros","2023 constant dollars","449","units","0","v1327512866","14.1.16.4","","F","","","0"
"2023","Québec, Quebec","2021S0503421","Economic families and persons not in an economic family","Other government transfers","Median income excluding zeros","2023 constant dollars","449","units","0","v96427827","14.1.15.4","1800","B","","","0"
"2023","Québec, Quebec","2021S0503421","Economic families","Total income","Median income excluding zeros","2023 constant dollars","449","units","0","v96427831","14.2.1.4","121700","A","","","0"
"2023","Québec, Quebec","2021S0503421","Economic families","Market income","Median income excluding zeros","2023 constant dollars","449","units","0","v96427835","14.2.2.4","105100","B","","","0"
"2023","Québec, Quebec","2021S0503421","Economic families","Employment income","Median income excluding zeros","2023 constant dollars","449","units","0","v96427839","14.2.3.4","105800","B","","","0"
"2023","Québec, Quebec","2021S0503421","Economic families","Wages, salaries and commissions","Median income excluding zeros","2023 constant dollars","449","units","0","v96427843","14.2.4.4","103200","B","","","0"
"2023","Québec, Quebec","2021S0503421","Economic families","Self-employment income","Median income excluding zeros","2023 constant dollars","449","units","0","v96427847","14.2.5.4","8000","E","","","0"
"2023","Québec, Quebec","2021S0503421","Economic families","Investment income","Median income excluding zeros","2023 constant dollars","449","units","0","v96427851","14.2.6.4","300","D","","","0"
"2023","Québec, Quebec","2021S0503421","Economic families","Retirement income","Median income excluding zeros","2023 constant dollars","449","units","0","v96427855","14.2.7.4","34800","C","","","0"
"2023","Québec, Quebec","2021S0503421","Economic families","Other income","Median income excluding zeros","2023 constant dollars","449","units","0","v96427859","14.2.8.4","2600","D","","","0"
"2023","Québec, Quebec","2021S0503421","Economic families","Government transfers","Median income excluding zeros","2023 constant dollars","449","units","0","v96427863","14.2.9.4","17000","C","","","0"
"2023","Québec, Quebec","2021S0503421","Economic families","Old Age Security (OAS) and Guaranteed Income Supplement (GIS)","Median income excluding zeros","2023 constant dollars","449","units","0","v96427867","14.2.10.4","16700","A","","","0"
"2023","Québec, Quebec","2021S0503421","Economic families","Canada Pension Plan (CPP) and Quebec Pension Plan (QPP) benefits","Median income excluding zeros","2023 constant dollars","449","units","0","v96427871","14.2.11.4","14000","B","","","0"
"2023","Québec, Quebec","2021S0503421","Economic families","Child benefits","Median income excluding zeros","2023 constant dollars","449","units","0","v96427875","14.2.12.4","6700","C","","","0"
"2023","Québec, Quebec","2021S0503421","Economic families","Employment Insurance (EI) benefits","Median income excluding zeros","2023 constant dollars","449","units","0","v96427879","14.2.13.4","6100","D","","","0"
"2023","Québec, Quebec","2021S0503421","Economic families","Social assistance","Median income excluding zeros","2023 constant dollars","449","units","0","v96427883","14.2.14.4","12700","E","","","0"
"2023","Québec, Quebec","2021S0503421","Economic families","COVID-19 benefits","Median income excluding zeros","2023 constant dollars","449","units","0","v1327512870","14.2.16.4","","F","","","0"
"2023","Québec, Quebec","2021S0503421","Economic families","Other government transfers","Median income excluding zeros","2023 constant dollars","449","units","0","v96427887","14.2.15.4","2400","C","","","0"
"2023","Québec, Quebec","2021S0503421","Persons not in an economic family","Total income","Median income excluding zeros","2023 constant dollars","449","units","0","v96428431","14.12.1.4","47100","A","","","0"
"2023","Québec, Quebec","2021S0503421","Persons not in an economic family","Market income","Median income excluding zeros","2023 constant dollars","449","units","0","v96428435","14.12.2.4","41100","B","","","0"
"2023","Québec, Quebec","2021S0503421","Persons not in an economic family","Employment income","Median income excluding zeros","2023 constant dollars","449","units","0","v96428439","14.12.3.4","45000","B","","","0"
"2023","Québec, Quebec","2021S0503421","Persons not in an economic family","Wages, salaries and commissions","Median income excluding zeros","2023 constant dollars","449","units","0","v96428443","14.12.4.4","46100","B","","","0"
"2023","Québec, Quebec","2021S0503421","Persons not in an economic family","Self-employment income","Median income excluding zeros","2023 constant dollars","449","units","0","v96428447","14.12.5.4","","F","","","0"
"2023","Québec, Quebec","2021S0503421","Persons not in an economic family","Investment income","Median income excluding zeros","2023 constant dollars","449","units","0","v96428451","14.12.6.4","200","E","","","0"
"2023","Québec, Quebec","2021S0503421","Persons not in an economic family","Retirement income","Median income excluding zeros","2023 constant dollars","449","units","0","v96428455","14.12.7.4","22100","C","","","0"
"2023","Québec, Quebec","2021S0503421","Persons not in an economic family","Other income","Median income excluding zeros","2023 constant dollars","449","units","0","v96428459","14.12.8.4","1600","D","","","0"
"2023","Québec, Quebec","2021S0503421","Persons not in an economic family","Government transfers","Median income excluding zeros","2023 constant dollars","449","units","0","v96428463","14.12.9.4","10000","D","","","0"
"2023","Québec, Quebec","2021S0503421","Persons not in an economic family","Old Age Security (OAS) and Guaranteed Income Supplement (GIS)","Median income excluding zeros","2023 constant dollars","449","units","0","v96428467","14.12.10.4","9200","A","","","0"
"2023","Québec, Quebec","2021S0503421","Persons not in an economic family","Canada Pension Plan (CPP) and Quebec Pension Plan (QPP) benefits","Median income excluding zeros","2023 constant dollars","449","units","0","v96428471","14.12.11.4","9100","B","","","0"
"2023","Québec, Quebec","2021S0503421","Persons not in an economic family","Child benefits","Median income excluding zeros","2023 constant dollars","449","units","0","v96428475","14.12.12.4","","F","","","0"
"2023","Québec, Quebec","2021S0503421","Persons not in an economic family","Employment Insurance (EI) benefits","Median income excluding zeros","2023 constant dollars","449","units","0","v96428479","14.12.13.4","6400","D","","","0"
"2023","Québec, Quebec","2021S0503421","Persons not in an economic family","Social assistance","Median income excluding zeros","2023 constant dollars","449","units","0","v96428483","14.12.14.4","10100","E","","","0"
"2023","Québec, Quebec","2021S0503421","Persons not in an economic family","COVID-19 benefits","Median income excluding zeros","2023 constant dollars","449","units","0","v1327512910","14.12.16.4","","F","","","0"
"2023","Québec, Quebec","2021S0503421","Persons not in an economic family","Other government transfers","Median income excluding zeros","2023 constant dollars","449","units","0","v96428487","14.12.15.4","1700","A","","","0"
"2023","Montréal, Quebec","2021S0503462","Economic families and persons not in an economic family","Total income","Median income excluding zeros","2023 constant dollars","449","units","0","v96428611","15.1.1.4","80000","A","","","0"
"2023","Montréal, Quebec","2021S0503462","Economic families and persons not in an economic family","Market income","Median income excluding zeros","2023 constant dollars","449","units","0","v96428615","15.1.2.4","71400","A","","","0"
"2023","Montréal, Quebec","2021S0503462","Economic families and persons not in an economic family","Employment income","Median income excluding zeros","2023 constant dollars","449","units","0","v96428619","15.1.3.4","72900","A","","","0"
"2023","Montréal, Quebec","2021S0503462","Economic families and persons not in an economic family","Wages, salaries and commissions","Median income excluding zeros","2023 constant dollars","449","units","0","v96428623","15.1.4.4","72400","A","","","0"
"2023","Montréal, Quebec","2021S0503462","Economic families and persons not in an economic family","Self-employment income","Median income excluding zeros","2023 constant dollars","449","units","0","v96428627","15.1.5.4","8800","D","","","0"
"2023","Montréal, Quebec","2021S0503462","Economic families and persons not in an economic family","Investment income","Median income excluding zeros","2023 constant dollars","449","units","0","v96428631","15.1.6.4","500","D","","","0"
"2023","Montréal, Quebec","2021S0503462","Economic families and persons not in an economic family","Retirement income","Median income excluding zeros","2023 constant dollars","449","units","0","v96428635","15.1.7.4","24700","C","","","0"
"2023","Montréal, Quebec","2021S0503462","Economic families and persons not in an economic family","Other income","Median income excluding zeros","2023 constant dollars","449","units","0","v96428639","15.1.8.4","2500","C","","","0"
"2023","Montréal, Quebec","2021S0503462","Economic families and persons not in an economic family","Government transfers","Median income excluding zeros","2023 constant dollars","449","units","0","v96428643","15.1.9.4","12900","B","","","0"
"2023","Montréal, Quebec","2021S0503462","Economic families and persons not in an economic family","Old Age Security (OAS) and Guaranteed Income Supplement (GIS)","Median income excluding zeros","2023 constant dollars","449","units","0","v96428647","15.1.10.4","14900","B","","","0"
"2023","Montréal, Quebec","2021S0503462","Economic families and persons not in an economic family","Canada Pension Plan (CPP) and Quebec Pension Plan (QPP) benefits","Median income excluding zeros","2023 constant dollars","449","units","0","v96428651","15.1.11.4","10500","A","","","0"
"2023","Montréal, Quebec","2021S0503462","Economic families and persons not in an economic family","Child benefits","Median income excluding zeros","2023 constant dollars","449","units","0","v96428655","15.1.12.4","8400","B","","","0"
"2023","Montréal, Quebec","2021S0503462","Economic families and persons not in an economic family","Employment Insurance (EI) benefits","Median income excluding zeros","2023 constant dollars","449","units","0","v96428659","15.1.13.4","5500","C","","","0"
"2023","Montréal, Quebec","2021S0503462","Economic families and persons not in an economic family","Social assistance","Median income excluding zeros","2023 constant dollars","449","units","0","v96428663","15.1.14.4","10400","C","","","0"
"2023","Montréal, Quebec","2021S0503462","Economic families and persons not in an economic family","COVID-19 benefits","Median income excluding zeros","2023 constant dollars","449","units","0","v1327512922","15.1.16.4","","F","","","0"
"2023","Montréal, Quebec","2021S0503462","Economic families and persons not in an economic family","Other government transfers","Median income excluding zeros","2023 constant dollars","449","units","0","v96428667","15.1.15.4","2000","B","","","0"
"2023","Montréal, Quebec","2021S0503462","Economic families","Total income","Median income excluding zeros","2023 constant dollars","449","units","0","v96428671","15.2.1.4","118300","A","","","0"
"2023","Montréal, Quebec","2021S0503462","Economic families","Market income","Median income excluding zeros","2023 constant dollars","449","units","0","v96428675","15.2.2.4","101600","A","","","0"
"2023","Montréal, Quebec","2021S0503462","Economic families","Employment income","Median income excluding zeros","2023 constant dollars","449","units","0","v96428679","15.2.3.4","97700","A","","","0"
"2023","Montréal, Quebec","2021S0503462","Economic families","Wages, salaries and commissions","Median income excluding zeros","2023 constant dollars","449","units","0","v96428683","15.2.4.4","95700","A","","","0"
"2023","Montréal, Quebec","2021S0503462","Economic families","Self-employment income","Median income excluding zeros","2023 constant dollars","449","units","0","v96428687","15.2.5.4","9000","D","","","0"
"2023","Montréal, Quebec","2021S0503462","Economic families","Investment income","Median income excluding zeros","2023 constant dollars","449","units","0","v96428691","15.2.6.4","500","D","","","0"
"2023","Montréal, Quebec","2021S0503462","Economic families","Retirement income","Median income excluding zeros","2023 constant dollars","449","units","0","v96428695","15.2.7.4","27400","C","","","0"
"2023","Montréal, Quebec","2021S0503462","Economic families","Other income","Median income excluding zeros","2023 constant dollars","449","units","0","v96428699","15.2.8.4","2900","C","","","0"
"2023","Montréal, Quebec","2021S0503462","Economic families","Government transfers","Median income excluding zeros","2023 constant dollars","449","units","0","v96428703","15.2.9.4","17500","B","","","0"
"2023","Montréal, Quebec","2021S0503462","Economic families","Old Age Security (OAS) and Guaranteed Income Supplement (GIS)","Median income excluding zeros","2023 constant dollars","449","units","0","v96428707","15.2.10.4","16700","A","","","0"
"2023","Montréal, Quebec","2021S0503462","Economic families","Canada Pension Plan (CPP) and Quebec Pension Plan (QPP) benefits","Median income excluding zeros","2023 constant dollars","449","units","0","v96428711","15.2.11.4","13200","B","","","0"
"2023","Montréal, Quebec","2021S0503462","Economic families","Child benefits","Median income excluding zeros","2023 constant dollars","449","units","0","v96428715","15.2.12.4","8400","B","","","0"
"2023","Montréal, Quebec","2021S0503462","Economic families","Employment Insurance (EI) benefits","Median income excluding zeros","2023 constant dollars","449","units","0","v96428719","15.2.13.4","5800","D","","","0"
"2023","Montréal, Quebec","2021S0503462","Economic families","Social assistance","Median income excluding zeros","2023 constant dollars","449","units","0","v96428723","15.2.14.4","11100","D","","","0"
"2023","Montréal, Quebec","2021S0503462","Economic families","COVID-19 benefits","Median income excluding zeros","2023 constant dollars","449","units","0","v1327512926","15.2.16.4","","F","","","0"
"2023","Montréal, Quebec","2021S0503462","Economic families","Other government transfers","Median income excluding zeros","2023 constant dollars","449","units","0","v96428727","15.2.15.4","2900","B","","","0"
"2023","Montréal, Quebec","2021S0503462","Persons not in an economic family","Total income","Median income excluding zeros","2023 constant dollars","449","units","0","v96429271","15.12.1.4","44900","B","","","0"
"2023","Montréal, Quebec","2021S0503462","Persons not in an economic family","Market income","Median income excluding zeros","2023 constant dollars","449","units","0","v96429275","15.12.2.4","44200","B","","","0"
"2023","Montréal, Quebec","2021S0503462","Persons not in an economic family","Employment income","Median income excluding zeros","2023 constant dollars","449","units","0","v96429279","15.12.3.4","47700","B","","","0"
"2023","Montréal, Quebec","2021S0503462","Persons not in an economic family","Wages, salaries and commissions","Median income excluding zeros","2023 constant dollars","449","units","0","v96429283","15.12.4.4","49000","B","","","0"
"2023","Montréal, Quebec","2021S0503462","Persons not in an economic family","Self-employment income","Median income excluding zeros","2023 constant dollars","449","units","0","v96429287","15.12.5.4","8400","E","","","0"
"2023","Montréal, Quebec","2021S0503462","Persons not in an economic family","Investment income","Median income excluding zeros","2023 constant dollars","449","units","0","v96429291","15.12.6.4","400","D","","","0"
"2023","Montréal, Quebec","2021S0503462","Persons not in an economic family","Retirement income","Median income excluding zeros","2023 constant dollars","449","units","0","v96429295","15.12.7.4","19300","D","","","0"
"2023","Montréal, Quebec","2021S0503462","Persons not in an economic family","Other income","Median income excluding zeros","2023 constant dollars","449","units","0","v96429299","15.12.8.4","1700","E","","","0"
"2023","Montréal, Quebec","2021S0503462","Persons not in an economic family","Government transfers","Median income excluding zeros","2023 constant dollars","449","units","0","v96429303","15.12.9.4","5600","D","","","0"
"2023","Montréal, Quebec","2021S0503462","Persons not in an economic family","Old Age Security (OAS) and Guaranteed Income Supplement (GIS)","Median income excluding zeros","2023 constant dollars","449","units","0","v96429307","15.12.10.4","9200","B","","","0"
"2023","Montréal, Quebec","2021S0503462","Persons not in an economic family","Canada Pension Plan (CPP) and Quebec Pension Plan (QPP) benefits","Median income excluding zeros","2023 constant dollars","449","units","0","v96429311","15.12.11.4","8900","B","","","0"
"2023","Montréal, Quebec","2021S0503462","Persons not in an economic family","Child benefits","Median income excluding zeros","2023 constant dollars","449","units","0","v96429315","15.12.12.4","","F","","","0"
"2023","Montréal, Quebec","2021S0503462","Persons not in an economic family","Employment Insurance (EI) benefits","Median income excluding zeros","2023 constant dollars","449","units","0","v96429319","15.12.13.4","4200","D","","","0"
"2023","Montréal, Quebec","2021S0503462","Persons not in an economic family","Social assistance","Median income excluding zeros","2023 constant dollars","449","units","0","v96429323","15.12.14.4","9900","C","","","0"
"2023","Montréal, Quebec","2021S0503462","Persons not in an economic family","COVID-19 benefits","Median income excluding zeros","2023 constant dollars","449","units","0","v1327512966","15.12.16.4","","F","","","0"
"2023","Montréal, Quebec","2021S0503462","Persons not in an economic family","Other government transfers","Median income excluding zeros","2023 constant dollars","449","units","0","v96429327","15.12.15.4","1700","A","","","0"
"2023","Toronto, Ontario","2021S0503535","Economic families and persons not in an economic family","Total income","Median income excluding zeros","2023 constant dollars","449","units","0","v96430291","17.1.1.4","94400","A","","","0"
"2023","Toronto, Ontario","2021S0503535","Economic families and persons not in an economic family","Market income","Median income excluding zeros","2023 constant dollars","449","units","0","v96430295","17.1.2.4","86700","A","","","0"
"2023","Toronto, Ontario","2021S0503535","Economic families and persons not in an economic family","Employment income","Median income excluding zeros","2023 constant dollars","449","units","0","v96430299","17.1.3.4","85800","A","","","0"
"2023","Toronto, Ontario","2021S0503535","Economic families and persons not in an economic family","Wages, salaries and commissions","Median income excluding zeros","2023 constant dollars","449","units","0","v96430303","17.1.4.4","86000","A","","","0"
"2023","Toronto, Ontario","2021S0503535","Economic families and persons not in an economic family","Self-employment income","Median income excluding zeros","2023 constant dollars","449","units","0","v96430307","17.1.5.4","9100","C","","","0"
"2023","Toronto, Ontario","2021S0503535","Economic families and persons not in an economic family","Investment income","Median income excluding zeros","2023 constant dollars","449","units","0","v96430311","17.1.6.4","1500","C","","","0"
"2023","Toronto, Ontario","2021S0503535","Economic families and persons not in an economic family","Retirement income","Median income excluding zeros","2023 constant dollars","449","units","0","v96430315","17.1.7.4","28200","C","","","0"
"2023","Toronto, Ontario","2021S0503535","Economic families and persons not in an economic family","Other income","Median income excluding zeros","2023 constant dollars","449","units","0","v96430319","17.1.8.4","3900","C","","","0"
"2023","Toronto, Ontario","2021S0503535","Economic families and persons not in an economic family","Government transfers","Median income excluding zeros","2023 constant dollars","449","units","0","v96430323","17.1.9.4","7600","C","","","0"
"2023","Toronto, Ontario","2021S0503535","Economic families and persons not in an economic family","Old Age Security (OAS) and Guaranteed Income Supplement (GIS)","Median income excluding zeros","2023 constant dollars","449","units","0","v96430327","17.1.10.4","12900","B","","","0"
"2023","Toronto, Ontario","2021S0503535","Economic families and persons not in an economic family","Canada Pension Plan (CPP) and Quebec Pension Plan (QPP) benefits","Median income excluding zeros","2023 constant dollars","449","units","0","v96430331","17.1.11.4","12000","B","","","0"
"2023","Toronto, Ontario","2021S0503535","Economic families and persons not in an economic family","Child benefits","Median income excluding zeros","2023 constant dollars","449","units","0","v96430335","17.1.12.4","5600","B","","","0"
"2023","Toronto, Ontario","2021S0503535","Economic families and persons not in an economic family","Employment Insurance (EI) benefits","Median income excluding zeros","2023 constant dollars","449","units","0","v96430339","17.1.13.4","7700","C","","","0"
"2023","Toronto, Ontario","2021S0503535","Economic families and persons not in an economic family","Social assistance","Median income excluding zeros","2023 constant dollars","449","units","0","v96430343","17.1.14.4","11600","A","","","0"
"2023","Toronto, Ontario","2021S0503535","Economic families and persons not in an economic family","COVID-19 benefits","Median income excluding zeros","2023 constant dollars","449","units","0","v1327513034","17.1.16.4","","F","","","0"
"2023","Toronto, Ontario","2021S0503535","Economic families and persons not in an economic family","Other government transfers","Median income excluding zeros","2023 constant dollars","449","units","0","v96430347","17.1.15.4","1500","A","","","0"
"2023","Toronto, Ontario","2021S0503535","Economic families","Total income","Median income excluding zeros","2023 constant dollars","449","units","0","v96430351","17.2.1.4","131900","A","","","0"
"2023","Toronto, Ontario","2021S0503535","Economic families","Market income","Median income excluding zeros","2023 constant dollars","449","units","0","v96430355","17.2.2.4","118000","A","","","0"
"2023","Toronto, Ontario","2021S0503535","Economic families","Employment income","Median income excluding zeros","2023 constant dollars","449","units","0","v96430359","17.2.3.4","110500","A","","","0"
"2023","Toronto, Ontario","2021S0503535","Economic families","Wages, salaries and commissions","Median income excluding zeros","2023 constant dollars","449","units","0","v96430363","17.2.4.4","110700","A","","","0"
"2023","Toronto, Ontario","2021S0503535","Economic families","Self-employment income","Median income excluding zeros","2023 constant dollars","449","units","0","v96430367","17.2.5.4","10100","C","","","0"
"2023","Toronto, Ontario","2021S0503535","Economic families","Investment income","Median income excluding zeros","2023 constant dollars","449","units","0","v96430371","17.2.6.4","1600","C","","","0"
"2023","Toronto, Ontario","2021S0503535","Economic families","Retirement income","Median income excluding zeros","2023 constant dollars","449","units","0","v96430375","17.2.7.4","30100","C","","","0"
"2023","Toronto, Ontario","2021S0503535","Economic families","Other income","Median income excluding zeros","2023 constant dollars","449","units","0","v96430379","17.2.8.4","4100","C","","","0"
"2023","Toronto, Ontario","2021S0503535","Economic families","Government transfers","Median income excluding zeros","2023 constant dollars","449","units","0","v96430383","17.2.9.4","11700","B","","","0"
"2023","Toronto, Ontario","2021S0503535","Economic families","Old Age Security (OAS) and Guaranteed Income Supplement (GIS)","Median income excluding zeros","2023 constant dollars","449","units","0","v96430387","17.2.10.4","16600","A","","","0"
"2023","Toronto, Ontario","2021S0503535","Economic families","Canada Pension Plan (CPP) and Quebec Pension Plan (QPP) benefits","Median income excluding zeros","2023 constant dollars","449","units","0","v96430391","17.2.11.4","13000","B","","","0"
"2023","Toronto, Ontario","2021S0503535","Economic families","Child benefits","Median income excluding zeros","2023 constant dollars","449","units","0","v96430395","17.2.12.4","5600","B","","","0"
"2023","Toronto, Ontario","2021S0503535","Economic families","Employment Insurance (EI) benefits","Median income excluding zeros","2023 constant dollars","449","units","0","v96430399","17.2.13.4","7800","C","","","0"
"2023","Toronto, Ontario","2021S0503535","Economic families","Social assistance","Median income excluding zeros","2023 constant dollars","449","units","0","v96430403","17.2.14.4","11600","A","","","0"
"2023","Toronto, Ontario","2021S0503535","Economic families","COVID-19 benefits","Median income excluding zeros","2023 constant dollars","449","units","0","v1327513038","17.2.16.4","","F","","","0"
"2023","Toronto, Ontario","2021S0503535","Economic families","Other government transfers","Median income excluding zeros","2023 constant dollars","449","units","0","v96430407","17.2.15.4","2000","A","","","0"
"2023","Toronto, Ontario","2021S0503535","Persons not in an economic family","Total income","Median income excluding zeros","2023 constant dollars","449","units","0","v96430951","17.12.1.4","45400","B","","","0"
"2023","Toronto, Ontario","2021S0503535","Persons not in an economic family","Market income","Median income excluding zeros","2023 constant dollars","449","units","0","v96430955","17.12.2.4","44300","B","","","0"
"2023","Toronto, Ontario","2021S0503535","Persons not in an economic family","Employment income","Median income excluding zeros","2023 constant dollars","449","units","0","v96430959","17.12.3.4","45000","C","","","0"
"2023","Toronto, Ontario","2021S0503535","Persons not in an economic family","Wages, salaries and commissions","Median income excluding zeros","2023 constant dollars","449","units","0","v96430963","17.12.4.4","46700","C","","","0"
"2023","Toronto, Ontario","2021S0503535","Persons not in an economic family","Self-employment income","Median income excluding zeros","2023 constant dollars","449","units","0","v96430967","17.12.5.4","5500","E","","","0"
"2023","Toronto, Ontario","2021S0503535","Persons not in an economic family","Investment income","Median income excluding zeros","2023 constant dollars","449","units","0","v96430971","17.12.6.4","1100","D","","","0"
"2023","Toronto, Ontario","2021S0503535","Persons not in an economic family","Retirement income","Median income excluding zeros","2023 constant dollars","449","units","0","v96430975","17.12.7.4","25000","C","","","0"
"2023","Toronto, Ontario","2021S0503535","Persons not in an economic family","Other income","Median income excluding zeros","2023 constant dollars","449","units","0","v96430979","17.12.8.4","3300","D","","","0"
"2023","Toronto, Ontario","2021S0503535","Persons not in an economic family","Government transfers","Median income excluding zeros","2023 constant dollars","449","units","0","v96430983","17.12.9.4","1800","D","","","0"
"2023","Toronto, Ontario","2021S0503535","Persons not in an economic family","Old Age Security (OAS) and Guaranteed Income Supplement (GIS)","Median income excluding zeros","2023 constant dollars","449","units","0","v96430987","17.12.10.4","9200","A","","","0"
"2023","Toronto, Ontario","2021S0503535","Persons not in an economic family","Canada Pension Plan (CPP) and Quebec Pension Plan (QPP) benefits","Median income excluding zeros","2023 constant dollars","449","units","0","v96430991","17.12.11.4","10400","B","","","0"
"2023","Toronto, Ontario","2021S0503535","Persons not in an economic family","Child benefits","Median income excluding zeros","2023 constant dollars","449","units","0","v96430995","17.12.12.4","","F","","","0"
"2023","Toronto, Ontario","2021S0503535","Persons not in an economic family","Employment Insurance (EI) benefits","Median income excluding zeros","2023 constant dollars","449","units","0","v96430999","17.12.13.4","5800","E","","","0"
"2023","Toronto, Ontario","2021S0503535","Persons not in an economic family","Social assistance","Median income excluding zeros","2023 constant dollars","449","units","0","v96431003","17.12.14.4","12000","C","","","0"
"2023","Toronto, Ontario","2021S0503535","Persons not in an economic family","COVID-19 benefits","Median income excluding zeros","2023 constant dollars","449","units","0","v1327513078","17.12.16.4","","F","","","0"
"2023","Toronto, Ontario","2021S0503535","Persons not in an economic family","Other government transfers","Median income excluding zeros","2023 constant dollars","449","units","0","v96431007","17.12.15.4","1200","B","","","0"
"2023","Winnipeg, Manitoba","2021S0503602","Economic families and persons not in an economic family","Total income","Median income excluding zeros","2023 constant dollars","449","units","0","v96431131","18.1.1.4","83100","A","","","0"
"2023","Winnipeg, Manitoba","2021S0503602","Economic families and persons not in an economic family","Market income","Median income excluding zeros","2023 constant dollars","449","units","0","v96431135","18.1.2.4","72400","A","","","0"
"2023","Winnipeg, Manitoba","2021S0503602","Economic families and persons not in an economic family","Employment income","Median income excluding zeros","2023 constant dollars","449","units","0","v96431139","18.1.3.4","74700","A","","","0"
"2023","Winnipeg, Manitoba","2021S0503602","Economic families and persons not in an economic family","Wages, salaries and commissions","Median income excluding zeros","2023 constant dollars","449","units","0","v96431143","18.1.4.4","73600","A","","","0"
"2023","Winnipeg, Manitoba","2021S0503602","Economic families and persons not in an economic family","Self-employment income","Median income excluding zeros","2023 constant dollars","449","units","0","v96431147","18.1.5.4","7000","D","","","0"
"2023","Winnipeg, Manitoba","2021S0503602","Economic families and persons not in an economic family","Investment income","Median income excluding zeros","2023 constant dollars","449","units","0","v96431151","18.1.6.4","1000","D","","","0"
"2023","Winnipeg, Manitoba","2021S0503602","Economic families and persons not in an economic family","Retirement income","Median income excluding zeros","2023 constant dollars","449","units","0","v96431155","18.1.7.4","28100","B","","","0"
"2023","Winnipeg, Manitoba","2021S0503602","Economic families and persons not in an economic family","Other income","Median income excluding zeros","2023 constant dollars","449","units","0","v96431159","18.1.8.4","2500","C","","","0"
"2023","Winnipeg, Manitoba","2021S0503602","Economic families and persons not in an economic family","Government transfers","Median income excluding zeros","2023 constant dollars","449","units","0","v96431163","18.1.9.4","9700","B","","","0"
"2023","Winnipeg, Manitoba","2021S0503602","Economic families and persons not in an economic family","Old Age Security (OAS) and Guaranteed Income Supplement (GIS)","Median income excluding zeros","2023 constant dollars","449","units","0","v96431167","18.1.10.4","11700","C","","","0"
"2023","Winnipeg, Manitoba","2021S0503602","Economic families and persons not in an economic family","Canada Pension Plan (CPP) and Quebec Pension Plan (QPP) benefits","Median income excluding zeros","2023 constant dollars","449","units","0","v96431171","18.1.11.4","12500","A","","","0"
"2023","Winnipeg, Manitoba","2021S0503602","Economic families and persons not in an economic family","Child benefits","Median income excluding zeros","2023 constant dollars","449","units","0","v96431175","18.1.12.4","5600","B","","","0"
"2023","Winnipeg, Manitoba","2021S0503602","Economic families and persons not in an economic family","Employment Insurance (EI) benefits","Median income excluding zeros","2023 constant dollars","449","units","0","v96431179","18.1.13.4","7000","C","","","0"
"2023","Winnipeg, Manitoba","2021S0503602","Economic families and persons not in an economic family","Social assistance","Median income excluding zeros","2023 constant dollars","449","units","0","v96431183","18.1.14.4","9200","D","","","0"
"2023","Winnipeg, Manitoba","2021S0503602","Economic families and persons not in an economic family","COVID-19 benefits","Median income excluding zeros","2023 constant dollars","449","units","0","v1327513090","18.1.16.4","","F","","","0"
"2023","Winnipeg, Manitoba","2021S0503602","Economic families and persons not in an economic family","Other government transfers","Median income excluding zeros","2023 constant dollars","449","units","0","v96431187","18.1.15.4","1500","A","","","0"
"2023","Winnipeg, Manitoba","2021S0503602","Economic families","Total income","Median income excluding zeros","2023 constant dollars","449","units","0","v96431191","18.2.1.4","113200","A","","","0"
"2023","Winnipeg, Manitoba","2021S0503602","Economic families","Market income","Median income excluding zeros","2023 constant dollars","449","units","0","v96431195","18.2.2.4","100300","A","","","0"
"2023","Winnipeg, Manitoba","2021S0503602","Economic families","Employment income","Median income excluding zeros","2023 constant dollars","449","units","0","v96431199","18.2.3.4","98000","A","","","0"
"2023","Winnipeg, Manitoba","2021S0503602","Economic families","Wages, salaries and commissions","Median income excluding zeros","2023 constant dollars","449","units","0","v96431203","18.2.4.4","95500","A","","","0"
"2023","Winnipeg, Manitoba","2021S0503602","Economic families","Self-employment income","Median income excluding zeros","2023 constant dollars","449","units","0","v96431207","18.2.5.4","7700","D","","","0"
"2023","Winnipeg, Manitoba","2021S0503602","Economic families","Investment income","Median income excluding zeros","2023 constant dollars","449","units","0","v96431211","18.2.6.4","1000","D","","","0"
"2023","Winnipeg, Manitoba","2021S0503602","Economic families","Retirement income","Median income excluding zeros","2023 constant dollars","449","units","0","v96431215","18.2.7.4","33600","C","","","0"
"2023","Winnipeg, Manitoba","2021S0503602","Economic families","Other income","Median income excluding zeros","2023 constant dollars","449","units","0","v96431219","18.2.8.4","2700","D","","","0"
"2023","Winnipeg, Manitoba","2021S0503602","Economic families","Government transfers","Median income excluding zeros","2023 constant dollars","449","units","0","v96431223","18.2.9.4","11500","B","","","0"
"2023","Winnipeg, Manitoba","2021S0503602","Economic families","Old Age Security (OAS) and Guaranteed Income Supplement (GIS)","Median income excluding zeros","2023 constant dollars","449","units","0","v96431227","18.2.10.4","16700","A","","","0"
"2023","Winnipeg, Manitoba","2021S0503602","Economic families","Canada Pension Plan (CPP) and Quebec Pension Plan (QPP) benefits","Median income excluding zeros","2023 constant dollars","449","units","0","v96431231","18.2.11.4","15200","A","","","0"
"2023","Winnipeg, Manitoba","2021S0503602","Economic families","Child benefits","Median income excluding zeros","2023 constant dollars","449","units","0","v96431235","18.2.12.4","5600","B","","","0"
"2023","Winnipeg, Manitoba","2021S0503602","Economic families","Employment Insurance (EI) benefits","Median income excluding zeros","2023 constant dollars","449","units","0","v96431239","18.2.13.4","7200","C","","","0"
"2023","Winnipeg, Manitoba","2021S0503602","Economic families","Social assistance","Median income excluding zeros","2023 constant dollars","449","units","0","v96431243","18.2.14.4","11700","D","","","0"
"2023","Winnipeg, Manitoba","2021S0503602","Economic families","COVID-19 benefits","Median income excluding zeros","2023 constant dollars","449","units","0","v1327513094","18.2.16.4","","F","","","0"
"2023","Winnipeg, Manitoba","2021S0503602","Economic families","Other government transfers","Median income excluding zeros","2023 constant dollars","449","units","0","v96431247","18.2.15.4","1800","B","","","0"
"2023","Winnipeg, Manitoba","2021S0503602","Persons not in an economic family","Total income","Median income excluding zeros","2023 constant dollars","449","units","0","v96431791","18.12.1.4","45100","B","","","0"
"2023","Winnipeg, Manitoba","2021S0503602","Persons not in an economic family","Market income","Median income excluding zeros","2023 constant dollars","449","units","0","v96431795","18.12.2.4","39800","B","","","0"
"2023","Winnipeg, Manitoba","2021S0503602","Persons not in an economic family","Employment income","Median income excluding zeros","2023 constant dollars","449","units","0","v96431799","18.12.3.4","43800","B","","","0"
"2023","Winnipeg, Manitoba","2021S0503602","Persons not in an economic family","Wages, salaries and commissions","Median income excluding zeros","2023 constant dollars","449","units","0","v96431803","18.12.4.4","44600","B","","","0"
"2023","Winnipeg, Manitoba","2021S0503602","Persons not in an economic family","Self-employment income","Median income excluding zeros","2023 constant dollars","449","units","0","v96431807","18.12.5.4","4600","E","","","0"
"2023","Winnipeg, Manitoba","2021S0503602","Persons not in an economic family","Investment income","Median income excluding zeros","2023 constant dollars","449","units","0","v96431811","18.12.6.4","1100","E","","","0"
"2023","Winnipeg, Manitoba","2021S0503602","Persons not in an economic family","Retirement income","Median income excluding zeros","2023 constant dollars","449","units","0","v96431815","18.12.7.4","21800","C","","","0"
"2023","Winnipeg, Manitoba","2021S0503602","Persons not in an economic family","Other income","Median income excluding zeros","2023 constant dollars","449","units","0","v96431819","18.12.8.4","2000","D","","","0"
"2023","Winnipeg, Manitoba","2021S0503602","Persons not in an economic family","Government transfers","Median income excluding zeros","2023 constant dollars","449","units","0","v96431823","18.12.9.4","3600","E","","","0"
"2023","Winnipeg, Manitoba","2021S0503602","Persons not in an economic family","Old Age Security (OAS) and Guaranteed Income Supplement (GIS)","Median income excluding zeros","2023 constant dollars","449","units","0","v96431827","18.12.10.4","9200","A","","","0"
"2023","Winnipeg, Manitoba","2021S0503602","Persons not in an economic family","Canada Pension Plan (CPP) and Quebec Pension Plan (QPP) benefits","Median income excluding zeros","2023 constant dollars","449","units","0","v96431831","18.12.11.4","10100","B","","","0"
"2023","Winnipeg, Manitoba","2021S0503602","Persons not in an economic family","Child benefits","Median income excluding zeros","2023 constant dollars","449","units","0","v96431835","18.12.12.4","","F","","","0"
"2023","Winnipeg, Manitoba","2021S0503602","Persons not in an economic family","Employment Insurance (EI) benefits","Median income excluding zeros","2023 constant dollars","449","units","0","v96431839","18.12.13.4","6700","D","","","0"
"2023","Winnipeg, Manitoba","2021S0503602","Persons not in an economic family","Social assistance","Median income excluding zeros","2023 constant dollars","449","units","0","v96431843","18.12.14.4","7400","E","","","0"
"2023","Winnipeg, Manitoba","2021S0503602","Persons not in an economic family","COVID-19 benefits","Median income excluding zeros","2023 constant dollars","449","units","0","v1327513134","18.12.16.4","","F","","","0"
"2023","Winnipeg, Manitoba","2021S0503602","Persons not in an economic family","Other government transfers","Median income excluding zeros","2023 constant dollars","449","units","0","v96431847","18.12.15.4","1300","B","","","0"
"2023","Calgary, Alberta","2021S0503825","Economic families and persons not in an economic family","Total income","Median income excluding zeros","2023 constant dollars","449","units","0","v96431971","19.1.1.4","102400","B","","","0"
"2023","Calgary, Alberta","2021S0503825","Economic families and persons not in an economic family","Market income","Median income excluding zeros","2023 constant dollars","449","units","0","v96431975","19.1.2.4","90900","B","","","0"
"2023","Calgary, Alberta","2021S0503825","Economic families and persons not in an economic family","Employment income","Median income excluding zeros","2023 constant dollars","449","units","0","v96431979","19.1.3.4","88000","B","","","0"
"2023","Calgary, Alberta","2021S0503825","Economic families and persons not in an economic family","Wages, salaries and commissions","Median income excluding zeros","2023 constant dollars","449","units","0","v96431983","19.1.4.4","89900","B","","","0"
"2023","Calgary, Alberta","2021S0503825","Economic families and persons not in an economic family","Self-employment income","Median income excluding zeros","2023 constant dollars","449","units","0","v96431987","19.1.5.4","6900","E","","","0"
"2023","Calgary, Alberta","2021S0503825","Economic families and persons not in an economic family","Investment income","Median income excluding zeros","2023 constant dollars","449","units","0","v96431991","19.1.6.4","1800","D","","","0"
"2023","Calgary, Alberta","2021S0503825","Economic families and persons not in an economic family","Retirement income","Median income excluding zeros","2023 constant dollars","449","units","0","v96431995","19.1.7.4","25900","D","","","0"
"2023","Calgary, Alberta","2021S0503825","Economic families and persons not in an economic family","Other income","Median income excluding zeros","2023 constant dollars","449","units","0","v96431999","19.1.8.4","3800","D","","","0"
"2023","Calgary, Alberta","2021S0503825","Economic families and persons not in an economic family","Government transfers","Median income excluding zeros","2023 constant dollars","449","units","0","v96432003","19.1.9.4","7900","C","","","0"
"2023","Calgary, Alberta","2021S0503825","Economic families and persons not in an economic family","Old Age Security (OAS) and Guaranteed Income Supplement (GIS)","Median income excluding zeros","2023 constant dollars","449","units","0","v96432007","19.1.10.4","14100","C","","","0"
"2023","Calgary, Alberta","2021S0503825","Economic families and persons not in an economic family","Canada Pension Plan (CPP) and Quebec Pension Plan (QPP) benefits","Median income excluding zeros","2023 constant dollars","449","units","0","v96432011","19.1.11.4","11500","B","","","0"
"2023","Calgary, Alberta","2021S0503825","Economic families and persons not in an economic family","Child benefits","Median income excluding zeros","2023 constant dollars","449","units","0","v96432015","19.1.12.4","5800","C","","","0"
"2023","Calgary, Alberta","2021S0503825","Economic families and persons not in an economic family","Employment Insurance (EI) benefits","Median income excluding zeros","2023 constant dollars","449","units","0","v96432019","19.1.13.4","7800","D","","","0"
"2023","Calgary, Alberta","2021S0503825","Economic families and persons not in an economic family","Social assistance","Median income excluding zeros","2023 constant dollars","449","units","0","v96432023","19.1.14.4","11300","E","","","0"
"2023","Calgary, Alberta","2021S0503825","Economic families and persons not in an economic family","COVID-19 benefits","Median income excluding zeros","2023 constant dollars","449","units","0","v1327513146","19.1.16.4","","F","","","0"
"2023","Calgary, Alberta","2021S0503825","Economic families and persons not in an economic family","Other government transfers","Median income excluding zeros","2023 constant dollars","449","units","0","v96432027","19.1.15.4","1700","C","","","0"
"2023","Calgary, Alberta","2021S0503825","Economic families","Total income","Median income excluding zeros","2023 constant dollars","449","units","0","v96432031","19.2.1.4","141800","B","","","0"
"2023","Calgary, Alberta","2021S0503825","Economic families","Market income","Median income excluding zeros","2023 constant dollars","449","units","0","v96432035","19.2.2.4","124700","B","","","0"
"2023","Calgary, Alberta","2021S0503825","Economic families","Employment income","Median income excluding zeros","2023 constant dollars","449","units","0","v96432039","19.2.3.4","116200","B","","","0"
"2023","Calgary, Alberta","2021S0503825","Economic families","Wages, salaries and commissions","Median income excluding zeros","2023 constant dollars","449","units","0","v96432043","19.2.4.4","113900","B","","","0"
"2023","Calgary, Alberta","2021S0503825","Economic families","Self-employment income","Median income excluding zeros","2023 constant dollars","449","units","0","v96432047","19.2.5.4","6900","E","","","0"
"2023","Calgary, Alberta","2021S0503825","Economic families","Investment income","Median income excluding zeros","2023 constant dollars","449","units","0","v96432051","19.2.6.4","2500","E","","","0"
"2023","Calgary, Alberta","2021S0503825","Economic families","Retirement income","Median income excluding zeros","2023 constant dollars","449","units","0","v96432055","19.2.7.4","30200","D","","","0"
"2023","Calgary, Alberta","2021S0503825","Economic families","Other income","Median income excluding zeros","2023 constant dollars","449","units","0","v96432059","19.2.8.4","4500","D","","","0"
"2023","Calgary, Alberta","2021S0503825","Economic families","Government transfers","Median income excluding zeros","2023 constant dollars","449","units","0","v96432063","19.2.9.4","11500","C","","","0"
"2023","Calgary, Alberta","2021S0503825","Economic families","Old Age Security (OAS) and Guaranteed Income Supplement (GIS)","Median income excluding zeros","2023 constant dollars","449","units","0","v96432067","19.2.10.4","16700","C","","","0"
"2023","Calgary, Alberta","2021S0503825","Economic families","Canada Pension Plan (CPP) and Quebec Pension Plan (QPP) benefits","Median income excluding zeros","2023 constant dollars","449","units","0","v96432071","19.2.11.4","12600","C","","","0"
"2023","Calgary, Alberta","2021S0503825","Economic families","Child benefits","Median income excluding zeros","2023 constant dollars","449","units","0","v96432075","19.2.12.4","5800","C","","","0"
"2023","Calgary, Alberta","2021S0503825","Economic families","Employment Insurance (EI) benefits","Median income excluding zeros","2023 constant dollars","449","units","0","v96432079","19.2.13.4","8200","D","","","0"
"2023","Calgary, Alberta","2021S0503825","Economic families","Social assistance","Median income excluding zeros","2023 constant dollars","449","units","0","v96432083","19.2.14.4","10100","E","","","0"
"2023","Calgary, Alberta","2021S0503825","Economic families","COVID-19 benefits","Median income excluding zeros","2023 constant dollars","449","units","0","v1327513150","19.2.16.4","","F","","","0"
"2023","Calgary, Alberta","2021S0503825","Economic families","Other government transfers","Median income excluding zeros","2023 constant dollars","449","units","0","v96432087","19.2.15.4","2400","B","","","0"
"2023","Calgary, Alberta","2021S0503825","Persons not in an economic family","Total income","Median income excluding zeros","2023 constant dollars","449","units","0","v96432631","19.12.1.4","50100","C","","","0"
"2023","Calgary, Alberta","2021S0503825","Persons not in an economic family","Market income","Median income excluding zeros","2023 constant dollars","449","units","0","v96432635","19.12.2.4","50600","C","","","0"
"2023","Calgary, Alberta","2021S0503825","Persons not in an economic family","Employment income","Median income excluding zeros","2023 constant dollars","449","units","0","v96432639","19.12.3.4","56900","C","","","0"
"2023","Calgary, Alberta","2021S0503825","Persons not in an economic family","Wages, salaries and commissions","Median income excluding zeros","2023 constant dollars","449","units","0","v96432643","19.12.4.4","58000","C","","","0"
"2023","Calgary, Alberta","2021S0503825","Persons not in an economic family","Self-employment income","Median income excluding zeros","2023 constant dollars","449","units","0","v96432647","19.12.5.4","","F","","","0"
"2023","Calgary, Alberta","2021S0503825","Persons not in an economic family","Investment income","Median income excluding zeros","2023 constant dollars","449","units","0","v96432651","19.12.6.4","1000","E","","","0"
"2023","Calgary, Alberta","2021S0503825","Persons not in an economic family","Retirement income","Median income excluding zeros","2023 constant dollars","449","units","0","v96432655","19.12.7.4","17500","D","","","0"
"2023","Calgary, Alberta","2021S0503825","Persons not in an economic family","Other income","Median income excluding zeros","2023 constant dollars","449","units","0","v96432659","19.12.8.4","2100","E","","","0"
"2023","Calgary, Alberta","2021S0503825","Persons not in an economic family","Government transfers","Median income excluding zeros","2023 constant dollars","449","units","0","v96432663","19.12.9.4","1400","D","","","0"
"2023","Calgary, Alberta","2021S0503825","Persons not in an economic family","Old Age Security (OAS) and Guaranteed Income Supplement (GIS)","Median income excluding zeros","2023 constant dollars","449","units","0","v96432667","19.12.10.4","9200","C","","","0"
"2023","Calgary, Alberta","2021S0503825","Persons not in an economic family","Canada Pension Plan (CPP) and Quebec Pension Plan (QPP) benefits","Median income excluding zeros","2023 constant dollars","449","units","0","v96432671","19.12.11.4","10000","B","","","0"
"2023","Calgary, Alberta","2021S0503825","Persons not in an economic family","Child benefits","Median income excluding zeros","2023 constant dollars","449","units","0","v96432675","19.12.12.4","","F","","","0"
"2023","Calgary, Alberta","2021S0503825","Persons not in an economic family","Employment Insurance (EI) benefits","Median income excluding zeros","2023 constant dollars","449","units","0","v96432679","19.12.13.4","6000","E","","","0"
"2023","Calgary, Alberta","2021S0503825","Persons not in an economic family","Social assistance","Median income excluding zeros","2023 constant dollars","449","units","0","v96432683","19.12.14.4","13500","E","","","0"
"2023","Calgary, Alberta","2021S0503825","Persons not in an economic family","COVID-19 benefits","Median income excluding zeros","2023 constant dollars","449","units","0","v1327513190","19.12.16.4","","F","","","0"
"2023","Calgary, Alberta","2021S0503825","Persons not in an economic family","Other government transfers","Median income excluding zeros","2023 constant dollars","449","units","0","v96432687","19.12.15.4","1100","C","","","0"
"2023","Edmonton, Alberta","2021S0503835","Economic families and persons not in an economic family","Total income","Median income excluding zeros","2023 constant dollars","449","units","0","v96432811","20.1.1.4","99300","B","","","0"
"2023","Edmonton, Alberta","2021S0503835","Economic families and persons not in an economic family","Market income","Median income excluding zeros","2023 constant dollars","449","units","0","v96432815","20.1.2.4","91800","B","","","0"
"2023","Edmonton, Alberta","2021S0503835","Economic families and persons not in an economic family","Employment income","Median income excluding zeros","2023 constant dollars","449","units","0","v96432819","20.1.3.4","91100","B","","","0"
"2023","Edmonton, Alberta","2021S0503835","Economic families and persons not in an economic family","Wages, salaries and commissions","Median income excluding zeros","2023 constant dollars","449","units","0","v96432823","20.1.4.4","91400","B","","","0"
"2023","Edmonton, Alberta","2021S0503835","Economic families and persons not in an economic family","Self-employment income","Median income excluding zeros","2023 constant dollars","449","units","0","v96432827","20.1.5.4","6400","E","","","0"
"2023","Edmonton, Alberta","2021S0503835","Economic families and persons not in an economic family","Investment income","Median income excluding zeros","2023 constant dollars","449","units","0","v96432831","20.1.6.4","1000","E","","","0"
"2023","Edmonton, Alberta","2021S0503835","Economic families and persons not in an economic family","Retirement income","Median income excluding zeros","2023 constant dollars","449","units","0","v96432835","20.1.7.4","30700","C","","","0"
"2023","Edmonton, Alberta","2021S0503835","Economic families and persons not in an economic family","Other income","Median income excluding zeros","2023 constant dollars","449","units","0","v96432839","20.1.8.4","3500","D","","","0"
"2023","Edmonton, Alberta","2021S0503835","Economic families and persons not in an economic family","Government transfers","Median income excluding zeros","2023 constant dollars","449","units","0","v96432843","20.1.9.4","8700","C","","","0"
"2023","Edmonton, Alberta","2021S0503835","Economic families and persons not in an economic family","Old Age Security (OAS) and Guaranteed Income Supplement (GIS)","Median income excluding zeros","2023 constant dollars","449","units","0","v96432847","20.1.10.4","12900","C","","","0"
"2023","Edmonton, Alberta","2021S0503835","Economic families and persons not in an economic family","Canada Pension Plan (CPP) and Quebec Pension Plan (QPP) benefits","Median income excluding zeros","2023 constant dollars","449","units","0","v96432851","20.1.11.4","13700","B","","","0"
"2023","Edmonton, Alberta","2021S0503835","Economic families and persons not in an economic family","Child benefits","Median income excluding zeros","2023 constant dollars","449","units","0","v96432855","20.1.12.4","5400","C","","","0"
"2023","Edmonton, Alberta","2021S0503835","Economic families and persons not in an economic family","Employment Insurance (EI) benefits","Median income excluding zeros","2023 constant dollars","449","units","0","v96432859","20.1.13.4","7800","D","","","0"
"2023","Edmonton, Alberta","2021S0503835","Economic families and persons not in an economic family","Social assistance","Median income excluding zeros","2023 constant dollars","449","units","0","v96432863","20.1.14.4","11800","D","","","0"
"2023","Edmonton, Alberta","2021S0503835","Economic families and persons not in an economic family","COVID-19 benefits","Median income excluding zeros","2023 constant dollars","449","units","0","v1327513202","20.1.16.4","","F","","","0"
"2023","Edmonton, Alberta","2021S0503835","Economic families and persons not in an economic family","Other government transfers","Median income excluding zeros","2023 constant dollars","449","units","0","v96432867","20.1.15.4","1700","B","","","0"
"2023","Edmonton, Alberta","2021S0503835","Economic families","Total income","Median income excluding zeros","2023 constant dollars","449","units","0","v96432871","20.2.1.4","141400","B","","","0"
"2023","Edmonton, Alberta","2021S0503835","Economic families","Market income","Median income excluding zeros","2023 constant dollars","449","units","0","v96432875","20.2.2.4","125800","B","","","0"
"2023","Edmonton, Alberta","2021S0503835","Economic families","Employment income","Median income excluding zeros","2023 constant dollars","449","units","0","v96432879","20.2.3.4","120700","B","","","0"
"2023","Edmonton, Alberta","2021S0503835","Economic families","Wages, salaries and commissions","Median income excluding zeros","2023 constant dollars","449","units","0","v96432883","20.2.4.4","119800","B","","","0"
"2023","Edmonton, Alberta","2021S0503835","Economic families","Self-employment income","Median income excluding zeros","2023 constant dollars","449","units","0","v96432887","20.2.5.4","6800","E","","","0"
"2023","Edmonton, Alberta","2021S0503835","Economic families","Investment income","Median income excluding zeros","2023 constant dollars","449","units","0","v96432891","20.2.6.4","1300","E","","","0"
"2023","Edmonton, Alberta","2021S0503835","Economic families","Retirement income","Median income excluding zeros","2023 constant dollars","449","units","0","v96432895","20.2.7.4","38500","D","","","0"
"2023","Edmonton, Alberta","2021S0503835","Economic families","Other income","Median income excluding zeros","2023 constant dollars","449","units","0","v96432899","20.2.8.4","3700","D","","","0"
"2023","Edmonton, Alberta","2021S0503835","Economic families","Government transfers","Median income excluding zeros","2023 constant dollars","449","units","0","v96432903","20.2.9.4","12700","D","","","0"
"2023","Edmonton, Alberta","2021S0503835","Economic families","Old Age Security (OAS) and Guaranteed Income Supplement (GIS)","Median income excluding zeros","2023 constant dollars","449","units","0","v96432907","20.2.10.4","16700","B","","","0"
"2023","Edmonton, Alberta","2021S0503835","Economic families","Canada Pension Plan (CPP) and Quebec Pension Plan (QPP) benefits","Median income excluding zeros","2023 constant dollars","449","units","0","v96432911","20.2.11.4","15500","B","","","0"
"2023","Edmonton, Alberta","2021S0503835","Economic families","Child benefits","Median income excluding zeros","2023 constant dollars","449","units","0","v96432915","20.2.12.4","5400","C","","","0"
"2023","Edmonton, Alberta","2021S0503835","Economic families","Employment Insurance (EI) benefits","Median income excluding zeros","2023 constant dollars","449","units","0","v96432919","20.2.13.4","8000","D","","","0"
"2023","Edmonton, Alberta","2021S0503835","Economic families","Social assistance","Median income excluding zeros","2023 constant dollars","449","units","0","v96432923","20.2.14.4","11400","D","","","0"
"2023","Edmonton, Alberta","2021S0503835","Economic families","COVID-19 benefits","Median income excluding zeros","2023 constant dollars","449","units","0","v1327513206","20.2.16.4","","F","","","0"
"2023","Edmonton, Alberta","2021S0503835","Economic families","Other government transfers","Median income excluding zeros","2023 constant dollars","449","units","0","v96432927","20.2.15.4","2400","B","","","0"
"2023","Edmonton, Alberta","2021S0503835","Persons not in an economic family","Total income","Median income excluding zeros","2023 constant dollars","449","units","0","v96433471","20.12.1.4","51500","C","","","0"
"2023","Edmonton, Alberta","2021S0503835","Persons not in an economic family","Market income","Median income excluding zeros","2023 constant dollars","449","units","0","v96433475","20.12.2.4","49200","C","","","0"
"2023","Edmonton, Alberta","2021S0503835","Persons not in an economic family","Employment income","Median income excluding zeros","2023 constant dollars","449","units","0","v96433479","20.12.3.4","54600","C","","","0"
"2023","Edmonton, Alberta","2021S0503835","Persons not in an economic family","Wages, salaries and commissions","Median income excluding zeros","2023 constant dollars","449","units","0","v96433483","20.12.4.4","55300","C","","","0"
"2023","Edmonton, Alberta","2021S0503835","Persons not in an economic family","Self-employment income","Median income excluding zeros","2023 constant dollars","449","units","0","v96433487","20.12.5.4","","F","","","0"
"2023","Edmonton, Alberta","2021S0503835","Persons not in an economic family","Investment income","Median income excluding zeros","2023 constant dollars","449","units","0","v96433491","20.12.6.4","700","E","","","0"
"2023","Edmonton, Alberta","2021S0503835","Persons not in an economic family","Retirement income","Median income excluding zeros","2023 constant dollars","449","units","0","v96433495","20.12.7.4","21800","D","","","0"
"2023","Edmonton, Alberta","2021S0503835","Persons not in an economic family","Other income","Median income excluding zeros","2023 constant dollars","449","units","0","v96433499","20.12.8.4","3000","D","","","0"
"2023","Edmonton, Alberta","2021S0503835","Persons not in an economic family","Government transfers","Median income excluding zeros","2023 constant dollars","449","units","0","v96433503","20.12.9.4","2000","E","","","0"
"2023","Edmonton, Alberta","2021S0503835","Persons not in an economic family","Old Age Security (OAS) and Guaranteed Income Supplement (GIS)","Median income excluding zeros","2023 constant dollars","449","units","0","v96433507","20.12.10.4","9200","A","","","0"
"2023","Edmonton, Alberta","2021S0503835","Persons not in an economic family","Canada Pension Plan (CPP) and Quebec Pension Plan (QPP) benefits","Median income excluding zeros","2023 constant dollars","449","units","0","v96433511","20.12.11.4","10400","C","","","0"
"2023","Edmonton, Alberta","2021S0503835","Persons not in an economic family","Child benefits","Median income excluding zeros","2023 constant dollars","449","units","0","v96433515","20.12.12.4","","F","","","0"
"2023","Edmonton, Alberta","2021S0503835","Persons not in an economic family","Employment Insurance (EI) benefits","Median income excluding zeros","2023 constant dollars","449","units","0","v96433519","20.12.13.4","7100","D","","","0"
"2023","Edmonton, Alberta","2021S0503835","Persons not in an economic family","Social assistance","Median income excluding zeros","2023 constant dollars","449","units","0","v96433523","20.12.14.4","12300","E","","","0"
"2023","Edmonton, Alberta","2021S0503835","Persons not in an economic family","COVID-19 benefits","Median income excluding zeros","2023 constant dollars","449","units","0","v1327513246","20.12.16.4","","F","","","0"
"2023","Edmonton, Alberta","2021S0503835","Persons not in an economic family","Other government transfers","Median income excluding zeros","2023 constant dollars","449","units","0","v96433527","20.12.15.4","1100","C","","","0"
"2023","Vancouver, British Columbia","2021S0503933","Economic families and persons not in an economic family","Total income","Median income excluding zeros","2023 constant dollars","449","units","0","v96433651","21.1.1.4","86400","B","","","0"
"2023","Vancouver, British Columbia","2021S0503933","Economic families and persons not in an economic family","Market income","Median income excluding zeros","2023 constant dollars","449","units","0","v96433655","21.1.2.4","78400","B","","","0"
"2023","Vancouver, British Columbia","2021S0503933","Economic families and persons not in an economic family","Employment income","Median income excluding zeros","2023 constant dollars","449","units","0","v96433659","21.1.3.4","78200","B","","","0"
"2023","Vancouver, British Columbia","2021S0503933","Economic families and persons not in an economic family","Wages, salaries and commissions","Median income excluding zeros","2023 constant dollars","449","units","0","v96433663","21.1.4.4","77900","B","","","0"
"2023","Vancouver, British Columbia","2021S0503933","Economic families and persons not in an economic family","Self-employment income","Median income excluding zeros","2023 constant dollars","449","units","0","v96433667","21.1.5.4","9400","D","","","0"
"2023","Vancouver, British Columbia","2021S0503933","Economic families and persons not in an economic family","Investment income","Median income excluding zeros","2023 constant dollars","449","units","0","v96433671","21.1.6.4","1800","D","","","0"
"2023","Vancouver, British Columbia","2021S0503933","Economic families and persons not in an economic family","Retirement income","Median income excluding zeros","2023 constant dollars","449","units","0","v96433675","21.1.7.4","23500","C","","","0"
"2023","Vancouver, British Columbia","2021S0503933","Economic families and persons not in an economic family","Other income","Median income excluding zeros","2023 constant dollars","449","units","0","v96433679","21.1.8.4","2700","C","","","0"
"2023","Vancouver, British Columbia","2021S0503933","Economic families and persons not in an economic family","Government transfers","Median income excluding zeros","2023 constant dollars","449","units","0","v96433683","21.1.9.4","7900","C","","","0"
"2023","Vancouver, British Columbia","2021S0503933","Economic families and persons not in an economic family","Old Age Security (OAS) and Guaranteed Income Supplement (GIS)","Median income excluding zeros","2023 constant dollars","449","units","0","v96433687","21.1.10.4","13900","B","","","0"
"2023","Vancouver, British Columbia","2021S0503933","Economic families and persons not in an economic family","Canada Pension Plan (CPP) and Quebec Pension Plan (QPP) benefits","Median income excluding zeros","2023 constant dollars","449","units","0","v96433691","21.1.11.4","11700","B","","","0"
"2023","Vancouver, British Columbia","2021S0503933","Economic families and persons not in an economic family","Child benefits","Median income excluding zeros","2023 constant dollars","449","units","0","v96433695","21.1.12.4","5700","B","","","0"
"2023","Vancouver, British Columbia","2021S0503933","Economic families and persons not in an economic family","Employment Insurance (EI) benefits","Median income excluding zeros","2023 constant dollars","449","units","0","v96433699","21.1.13.4","6800","C","","","0"
"2023","Vancouver, British Columbia","2021S0503933","Economic families and persons not in an economic family","Social assistance","Median income excluding zeros","2023 constant dollars","449","units","0","v96433703","21.1.14.4","7700","E","","","0"
"2023","Vancouver, British Columbia","2021S0503933","Economic families and persons not in an economic family","COVID-19 benefits","Median income excluding zeros","2023 constant dollars","449","units","0","v1327513258","21.1.16.4","","F","","","0"
"2023","Vancouver, British Columbia","2021S0503933","Economic families and persons not in an economic family","Other government transfers","Median income excluding zeros","2023 constant dollars","449","units","0","v96433707","21.1.15.4","1400","A","","","0"
"2023","Vancouver, British Columbia","2021S0503933","Economic families","Total income","Median income excluding zeros","2023 constant dollars","449","units","0","v96433711","21.2.1.4","131100","A","","","0"
"2023","Vancouver, British Columbia","2021S0503933","Economic families","Market income","Median income excluding zeros","2023 constant dollars","449","units","0","v96433715","21.2.2.4","120100","A","","","0"
"2023","Vancouver, British Columbia","2021S0503933","Economic families","Employment income","Median income excluding zeros","2023 constant dollars","449","units","0","v96433719","21.2.3.4","111700","A","","","0"
"2023","Vancouver, British Columbia","2021S0503933","Economic families","Wages, salaries and commissions","Median income excluding zeros","2023 constant dollars","449","units","0","v96433723","21.2.4.4","109700","B","","","0"
"2023","Vancouver, British Columbia","2021S0503933","Economic families","Self-employment income","Median income excluding zeros","2023 constant dollars","449","units","0","v96433727","21.2.5.4","10000","D","","","0"
"2023","Vancouver, British Columbia","2021S0503933","Economic families","Investment income","Median income excluding zeros","2023 constant dollars","449","units","0","v96433731","21.2.6.4","2200","D","","","0"
"2023","Vancouver, British Columbia","2021S0503933","Economic families","Retirement income","Median income excluding zeros","2023 constant dollars","449","units","0","v96433735","21.2.7.4","26400","C","","","0"
"2023","Vancouver, British Columbia","2021S0503933","Economic families","Other income","Median income excluding zeros","2023 constant dollars","449","units","0","v96433739","21.2.8.4","2700","D","","","0"
"2023","Vancouver, British Columbia","2021S0503933","Economic families","Government transfers","Median income excluding zeros","2023 constant dollars","449","units","0","v96433743","21.2.9.4","12300","C","","","0"
"2023","Vancouver, British Columbia","2021S0503933","Economic families","Old Age Security (OAS) and Guaranteed Income Supplement (GIS)","Median income excluding zeros","2023 constant dollars","449","units","0","v96433747","21.2.10.4","16700","A","","","0"
"2023","Vancouver, British Columbia","2021S0503933","Economic families","Canada Pension Plan (CPP) and Quebec Pension Plan (QPP) benefits","Median income excluding zeros","2023 constant dollars","449","units","0","v96433751","21.2.11.4","13200","B","","","0"
"2023","Vancouver, British Columbia","2021S0503933","Economic families","Child benefits","Median income excluding zeros","2023 constant dollars","449","units","0","v96433755","21.2.12.4","5700","B","","","0"
"2023","Vancouver, British Columbia","2021S0503933","Economic families","Employment Insurance (EI) benefits","Median income excluding zeros","2023 constant dollars","449","units","0","v96433759","21.2.13.4","7100","D","","","0"
"2023","Vancouver, British Columbia","2021S0503933","Economic families","Social assistance","Median income excluding zeros","2023 constant dollars","449","units","0","v96433763","21.2.14.4","9500","E","","","0"
"2023","Vancouver, British Columbia","2021S0503933","Economic families","COVID-19 benefits","Median income excluding zeros","2023 constant dollars","449","units","0","v1327513262","21.2.16.4","","F","","","0"
"2023","Vancouver, British Columbia","2021S0503933","Economic families","Other government transfers","Median income excluding zeros","2023 constant dollars","449","units","0","v96433767","21.2.15.4","1700","B","","","0"
"2023","Vancouver, British Columbia","2021S0503933","Persons not in an economic family","Total income","Median income excluding zeros","2023 constant dollars","449","units","0","v96434311","21.12.1.4","46300","B","","","0"
"2023","Vancouver, British Columbia","2021S0503933","Persons not in an economic family","Market income","Median income excluding zeros","2023 constant dollars","449","units","0","v96434315","21.12.2.4","44000","B","","","0"
"2023","Vancouver, British Columbia","2021S0503933","Persons not in an economic family","Employment income","Median income excluding zeros","2023 constant dollars","449","units","0","v96434319","21.12.3.4","47200","B","","","0"
"2023","Vancouver, British Columbia","2021S0503933","Persons not in an economic family","Wages, salaries and commissions","Median income excluding zeros","2023 constant dollars","449","units","0","v96434323","21.12.4.4","47900","C","","","0"
"2023","Vancouver, British Columbia","2021S0503933","Persons not in an economic family","Self-employment income","Median income excluding zeros","2023 constant dollars","449","units","0","v96434327","21.12.5.4","7500","E","","","0"
"2023","Vancouver, British Columbia","2021S0503933","Persons not in an economic family","Investment income","Median income excluding zeros","2023 constant dollars","449","units","0","v96434331","21.12.6.4","1100","D","","","0"
"2023","Vancouver, British Columbia","2021S0503933","Persons not in an economic family","Retirement income","Median income excluding zeros","2023 constant dollars","449","units","0","v96434335","21.12.7.4","19800","C","","","0"
"2023","Vancouver, British Columbia","2021S0503933","Persons not in an economic family","Other income","Median income excluding zeros","2023 constant dollars","449","units","0","v96434339","21.12.8.4","2500","D","","","0"
"2023","Vancouver, British Columbia","2021S0503933","Persons not in an economic family","Government transfers","Median income excluding zeros","2023 constant dollars","449","units","0","v96434343","21.12.9.4","1800","D","","","0"
"2023","Vancouver, British Columbia","2021S0503933","Persons not in an economic family","Old Age Security (OAS) and Guaranteed Income Supplement (GIS)","Median income excluding zeros","2023 constant dollars","449","units","0","v96434347","21.12.10.4","9200","A","","","0"
"2023","Vancouver, British Columbia","2021S0503933","Persons not in an economic family","Canada Pension Plan (CPP) and Quebec Pension Plan (QPP) benefits","Median income excluding zeros","2023 constant dollars","449","units","0","v96434351","21.12.11.4","9600","B","","","0"
"2023","Vancouver, British Columbia","2021S0503933","Persons not in an economic family","Child benefits","Median income excluding zeros","2023 constant dollars","449","units","0","v96434355","21.12.12.4","","F","","","0"
"2023","Vancouver, British Columbia","2021S0503933","Persons not in an economic family","Employment Insurance (EI) benefits","Median income excluding zeros","2023 constant dollars","449","units","0","v96434359","21.12.13.4","5800","D","","","0"
"2023","Vancouver, British Columbia","2021S0503933","Persons not in an economic family","Social assistance","Median income excluding zeros","2023 constant dollars","449","units","0","v96434363","21.12.14.4","","F","","","0"
"2023","Vancouver, British Columbia","2021S0503933","Persons not in an economic family","COVID-19 benefits","Median income excluding zeros","2023 constant dollars","449","units","0","v1327513302","21.12.16.4","","F","","","0"
"2023","Vancouver, British Columbia","2021S0503933","Persons not in an economic family","Other government transfers","Median income excluding zeros","2023 constant dollars","449","units","0","v96434367","21.12.15.4","1200","B","","","0"


